序号,需求分级,城市,区域,门店名称,站点分级,全职需求,分拣员,白班理货,夜班理货,水产专员,果切员,全职招聘要求,兼职需求时间段和要求(不能对外转发）,行政区,面试地址,站点地址,站长,座机,招聘等级
,W37,,,,,528,275,48,106,95,4,,,,,,,,
1,,广州,广州一区,白云石井站,二级,7,3,2,1,1,0,"1.年龄：分拣18-32岁，理货18-35岁，水产18-40岁
2.性别：分拣只要女生，水产尽量男生
3.是否需要经验：不戴眼镜，手脚麻利，有过经验优先，水产员最好是做过厨房做过后厨，白班理货需要男生，能接受低温工作。
4:学历：学历不限 
5.面试时间和试岗：每天13-16点面试 当天可以试岗 需要人选3点前到门店
6;其他：暂无

",,白云区,本站,广州市白云区西槎路989号1栋101号,杨学华,020-32784054,1
2,,广州,广州一区,白云凰岗站,二级,0,0,0,0,0,0,"1.年龄：分拣18-32岁，理货18-35岁，水产18-40岁
2.性别：分拣只要女生，水产尽量男生
3.是否需要经验：不戴眼镜，手脚麻利，有过经验优先，水产员最好是做过厨房做过后厨，白班理货需要男生，能接受低温工作。
4:学历：学历不限 
5.面试时间和试岗：每天13-16点面试 当天可以试岗 需要人选3点前到门店
6;其他：暂无

",要晚高峰和晚上能出勤的稳定兼职，不要暑假工、短期兼职！不要戴眼镜！能接受跑动拣单，男女不限。工作日13-16面试。周末不面试，周末不面试,白云区,本站,广州市白云区凰岗凤凰路296号1M019,张细华,020-35620952,2
3,,广州,广州一区,新市站,二级,3,3,0,0,0,0,"1.年龄：分拣18-30岁，理货18-35岁，水产18-40岁
2.性别：分拣男女不限，水产尽量男生
3.是否需要经验：不近视不戴眼镜。长期稳定，要求能吃苦耐劳，手脚麻利，通勤时间短。水产员最好是做过厨房做过后厨，白班理货需要男生，能接受低温工作。
4:学历：学历不限 
5.面试时间和试岗：下午2-3点 当天可以试岗 需要人选3点前到门店
",面试时间14-15点，兼职分拣男女都行，要求不戴眼镜，能接受凌晨两点的班次,白云区,本站,广州市白云区棠涌黄沙岗南街欧PARK时空创业中心,李华贤,020-31526980,1
4,,广州,广州一区,齐富路站,二级,1,1,0,0,0,0,"1.年龄：分拣18-30岁，理货18-30岁，水产18-35岁
2.性别：分拣女生，水产理货男生
3.是否需要经验：分拣不戴眼镜，手脚麻利，有过经验优先，水产员最好是做过厨房做过后厨，白班理货需要男生，能接受低温工作。
4:学历：学历不限 
5.面试时间和试岗：面试时间早上10-11点 下午2-3点 当天可以试岗 需要人选3点前到门店周末不面试",面试时间14点-16点（超过16点不面），其他时间不面试。兼职分拣，要站点附近的，要求不戴眼镜，上班时间下午16-23点（期间3-4小时）。,白云区,本站,广州市白云区齐富西街2号,刘裕,020-32785684,1
5,,广州,广州一区,远景路站,二级,6,4,1,1,0,0,"1.年龄：分拣18-30岁，理货18-30岁，水产18-35岁
2.性别：分拣女生，水产理货男生
3.是否需要经验：分拣不戴眼镜，手脚麻利，有过经验优先，水产员最好是做过厨房做过后厨，白班理货需要男生，能接受低温工作。
4:学历：学历不限 
5.面试时间和试岗：早上10点到下午4点 其他时间不面试 当天可以试岗 需要人选3点前到门店
",面试时间14点，其他时间不面试。兼职分拣男女不限，要求不戴眼镜，平时上班时间16-24点之间3-4小时。每天可以固定时间，短期做不了2个月的不要（不要暑假工了！！！）,白云区,本站,白云区远景路14号首层,蓝明,020-86211206,1
6,,广州,广州一区,鹤龙站,二级,2,1,0,1,0,0,"1.年龄：分拣18-30岁，理货18-30岁，水产18-35岁
2.性别：分拣男女不限，水产尽量男生
3.是否需要经验：不要戴眼镜，多劳多得，有经验优先；不戴眼镜不抽烟，会使用电脑及能干体力活，吃苦耐劳。水产员要能接受杀鱼工作；
4:学历：白班理货要求大专学历
5.面试时间和试岗：早上9点到下午4点 其他时间不面试 试岗人员需要3点前到门店
6;其他：不要胖的 门店通道比较狭窄 需要身形纤细的
", 面试时间10-14点，其他时间不面试，周六日不面试。兼职分拣，要站点附近的，要求不戴眼镜，手脚麻利，平时上班时间16-凌晨2点之间3-4小时。每天可以固定时间，短期做不了2个月的不要。,白云区,本站,白云区鹤龙街鹤泰路89号惠信楼101房,汪玉林,020-35620996,2
7,,广州,广州一区,白云夏茅站,二级,5,5,0,0,0,0,"1.年龄：分拣18-35岁，理货18-35岁，水产18-40岁
2.性别：分拣男女不限，水产尽量男生
3.是否需要经验：不要戴眼镜，多劳多得，有经验优先；不戴眼镜不抽烟，会使用电脑及能干体力活，吃苦耐劳。水产员要能接受杀鱼工作；
4:学历：没有要求
5.面试时间和试岗：早上9点到下午4点 其他时间不面试 试岗人员需要3点前到门店
6;其他：不要学生工
","分拣兼职要求，年级20-32、女，要求不戴眼镜，不近视，下午16-2点出勤的分拣兼职，要求周末必须出勤,可长期稳定出勤",白云区,本站,广州市白云区白云湖街道夏茅海口夏村园工业街48号之2，D3栋一楼,王天龙,020-87602580,1
8,,广州,广州一区,白云景泰站,二级,0,0,0,0,0,0,"1.年龄：分拣18-35岁，理货18-35岁，水产18-40岁
2.性别：分拣男女不限，水产尽量男生
3.是否需要经验：能接受冻库作业，通勤20分钟内，不要戴眼镜、抗压能力强，要年轻一些的、也能接受作业晚上凌晨2点下班。夜班要男生，不要戴眼镜，一米7以上，能接受白夜班轮班
4:学历：没有要求
5.面试时间和试岗：面试时间尽量12：30分---15：30 其他时间不面试 试岗人员需要3点前到门店
6;其他：不要学生工
",有经验者优先，周一到日能出勤，能接受冻库作业，通勤20分钟内，不要戴眼镜、抗压能力强、男女不限，要年轻一些的、（上班时间午高峰和晚高峰，分别时间是8.5-12.5，16-20、21-00）,白云区,本站,广州市白云区广园西路景泰西八巷39号一楼自编A5-A11,张嘉敏,020-31215284,2
9,,广州,广州一区,白云大道北二站,二级,5,3,0,1,1,0,"1.年龄：夜班理货18-30岁，全职分拣3个
2.性别：男
3.是否需要经验：不要戴眼镜，多劳多得，有经验优先；不戴眼镜不抽烟，会使用电脑及能干体力活，吃苦耐劳。水产员要能接受杀鱼工作；
4:学历：白班理货要求大专学历
5.面试时间和试岗：早上9点到下午4点 其他时间不面试 试岗人员需要3点前到门店
6;其他：不要胖的 门店通道比较狭窄 需要身形纤细的
",水产兼职全天或者高峰期可以出勤，分拣兼职16点可以出勤。兼职未清理，站点实际未满编,白云区,本站,广州市白云区丛云路982号,李敬,020-32784460,1
10,,广州,广州二区,天河公园站,二级,4,4,0,0,0,0,,长期兼职，学生兼职就不要推了，谢谢   ；白班分拣接受时间6-23：30，不戴眼镜，要求能留年,天河区,本站,广州天河区员村恒隆街1号途虎养车（员村店）对门,郑东涛,020-85610289,2
11,,广州,广州二区,天河体育东站,二级,6,5,1,0,0,0,"1、年龄：分拣20岁左右 夜班30岁以下（不要太胖的）（尽量要能留年的）
2、性别：男女不限
3、是否需要经验：不需要经验;需要进冷库，不戴眼镜，手脚麻利，有过经验优先，水产员最好是做过厨房做过后厨，手脚麻利不戴眼镜，能接受低温工作
4、学历：不限学历
5、面试时间和试岗时间：面试时间下午1-3点（周末不面试），试岗看人选穿着符合的话会尽量当天安排试岗","不戴眼镜，长期兼职，16-凌晨2点内出勤。能吃苦耐劳,年龄18-35岁。周一至周五13.5-15.5可面试，周六日不面试，不在范围时段不用推面",天河区,本站,广州市天河区体育东路体育东横街7-19号首，二，三层自编12号商铺,郑金蓉,020-31156894,4
12,,广州,广州二区,天河潭村站,三级,7,5,1,1,0,0,"1、年龄：分拣20-35（加急） 水产25-35要有经验
2、性别：男女不限
3、是否需要经验：不需要经验;需要进冷库，不戴眼镜，手脚麻利，有过经验优先，水产员最好是做过厨房做过后厨，手脚麻利不戴眼镜，能接受低温工作
4、学历：不限学历
5、面试时间和试岗时间：面试时间上午8-10 下午2-5，一般是安排隔天试岗",兼职分拣需要晚上16到24点时间段可以出勤， 通勤时间最好在10-20分内,天河区,本站,天河区花城大道100号地下一层B101房,麦厚全,020-31237537,4
13,,广州,广州二区,岗顶站,三级,1,1,0,0,0,0,"1、年龄：18-35
2、性别：男女不限
3、是否需要经验：不需要经验;需要进冷库，不戴眼镜，手脚麻利，有过经验优先，水产员最好是做过厨房做过后厨，手脚麻利不戴眼镜，能接受低温工作 能稳定出勤
4、学历：不限学历
5面试时间和试岗时间：面试时间下午2-4，一般是安排隔天试岗""",需要稳定出勤，不戴眼镜，35岁以内,天河区,本站,广州市天河区龙口西路138号西北角首层自编101、105房,蔡春育,020-85655089,3
14,,广州,广州二区,动物园站,三级,3,0,0,2,1,0,"1、年龄：分拣要女生，18-35岁 
2、性别：男女不限
3、是否需要经验：不需要经验;需要进冷库，不戴眼镜，手脚麻利，有过经验优先，水产员最好是做过厨房做过后厨，手脚麻利不戴眼镜，能接受低温工作
4、学历：不限经验学历
5、面试时间和试岗时间：下午14-15点面试 ，",只要长期兼职，周一到周五可出勤，周六周日可出勤,越秀区,本站,广州市越秀区水荫路117号小象超市,樊伟,020-37621589,5
15,,广州,广州二区,天河员村站,二级,5,5,0,0,0,0,"1、年龄：22-35岁，已婚者优先  分拣要能接受上到凌晨两点
2、性别：男女不限
3、是否需要经验：不需要经验;需要进冷库，不戴眼镜，手脚麻利，有过经验优先，水产员最好是做过厨房做过后厨，手脚麻利不戴眼镜，能接受低温工作
4、学历：不限经验学历
5、面试和试岗时间：面试时间下午2-4点 周末不面试，",工作日下午兼职，周末全天都能出勤，不戴眼镜，18-35岁。能接受冷冻库环境。  工作日下午15点前面试  出勤时间能接受下班时间23-24点，周末两天不面试,天河区,本站,广州市天河区员村白水塘41号168铺,曾力倩,020-85517589,2
16,,广州,广州二区,越秀杨箕站,三级,6,3,2,1,0,0,"1、年龄：18-35岁，
2、学历：男女不限
3、是否需要经验：不需要经验;需要进冷库，不戴眼镜，手脚麻利，有过经验优先，水产员最好是做过厨房做过后厨，手脚麻利不戴眼镜，能接受低温工作
4、学历：不限经验学历
5、面试和试岗时间：面试时间每天13-16点（周末13-15），",工作日下午，晚上兼职，周末全天都能出勤，不戴眼镜，18-35岁。能接受冷冻库环境。  工作日下午16点前面试  出勤时间能接受下班时间23-24点，周末两天不面试,越秀区,本站,越秀区新天地街1号、3号地下一B122房-1,梁戈,020-37609159,4
17,,广州,广州二区,淘金站,三级,15,9,1,3,1,1,"1.年龄：18-35岁
2.性别：男女不限，男分拣28岁以下
3.是否需要经验：经验不限
4:学历：无
5.上班时间和试岗：面试时间上午11点-下午4点，当天可以试岗。
6;其他：别太胖，分拣不戴眼镜，其他岗位可以戴。接受晚上12点的班次。","无近视,能吃苦耐劳,年龄18-35岁,出勤时间段16-00点，能接受下班时间的优先,其他时段的不需要！",越秀区,本站,广东省广州市越秀区恒福路94号,黄传科,020-83700526,5
18,,广州,广州二区,沙太站,二级,0,0,0,0,0,0,"1.年龄：23-40岁
2.性别：男女不限
3.是否需要经验：无经验要求
4:学历：无
5.上班时间和试岗：面试时间12点半-2点，当天可以试岗。次日试岗的最晚3点面试。
6;其他：分拣不戴眼镜，接受不了凌晨2点的班次，最晚要接受晚上12点的班次。水产不能皮肤过敏。体重140斤内别太胖，身高150CM以上",只要长期兼职（ 不要戴眼镜的），时间要求：能上班到凌晨2点优先录取,天河区,本站,广州市天河区沙太公路侨乐街6号首层102,曾凡松,020-38837030,2
19,兼职P0,广州,广州三区,嘉禾望岗二站,二级,2,2,0,0,0,0,"1.年龄：分拣女18-35岁，男28以内，理货18-35，水产18-35
2.性别：分拣男女不限，水产理货男生优先
3.是否需要经验;需要进冷库，不戴眼镜，手脚麻利，有过经验优先，水产员最好是做过厨房做过后厨，吃苦耐劳接受鱼腥味；白班理货需要男生，手脚麻利不戴眼镜，能接受低温工作。
4:学历：不限
5.面试时间和试岗，面试时间9：30-11,13-16：00，14:00到面当天试岗。
6;其他：身高150以上，不做美甲，不穿短裙短裤拖鞋。","需要女生 只要出勤时间下午20-24点，至少3个月起步，面试时间9：30-11,13-16：00，超时不面！",白云区,本站,白云区嘉禾望岗街道百花岭北街百花PARK1层,林凯涛,020-35623930,1
20,,广州,广州三区,白云龙归站,一级,0,0,0,0,0,0,"1.年龄：分拣女20-35岁，理货20-30，水产18-35
2.性别：分拣女，水产、理货男生优先
3.是否需要经验;需要进冷库，不戴眼镜，手脚麻利，有过经验优先，水产员对水产品类及岗位有基本认知，爱干净，有相关经验或厨房经验优先；白班理货需要男生，手脚麻利不戴眼镜，能接受低温工作。
4:学历：不限
5.面试时间和试岗，面试时间13-16：00，14:00到面当天试岗。
6;其他：不穿短裙短裤拖鞋。",男女不限，下午16-21时段出勤的，不戴眼镜，长期稳定，不要学生工；6S专员每日排班4-5小时，出勤时段7-9，11-13，要求每日出勤，年龄要求50岁以下。,白云区,本站,白云区龙兴西路14号首层08室,余嘉良,020-35629675,1
21,,广州,广州三区,东平站,二级,2,2,0,0,0,0,"1.年龄：分拣男女20-35岁，理货20-35，水产20-35
2.性别：分拣、水产、理货男女不限；
3.是否需要经验;需要进冷库，不戴眼镜，手脚麻利，有过经验优先，水产员对水产品类及岗位有基本认知，爱干净，有相关经验或厨房经验优先；白班理货需要男生，手脚麻利不戴眼镜，能接受低温工作。
4:学历：不限
5.面试时间和试岗，面试时间09:30,14:00，14:00试岗。
6;其他：不穿短裙短裤拖鞋。","上班时间9-12,16-20，21-00，不戴眼镜，30岁以下，面试时间早上9点半，下午2点的准时到店面",白云区,本站,白云区嘉禾街道八一科技园3栋105-107号,李盛辉,020-31233362,1
22,,广州,广州三区,白云夏良站,一级,0,0,0,0,0,0,"1.年龄：分拣女18-35岁，理货18-35，水产18-35
2.性别：分拣女，水产理货男生优先
3.是否需要经验;需要进冷库，不戴眼镜，手脚麻利，有过经验优先，水产员最好是做过厨房做过后厨，吃苦耐劳接受鱼腥味；白班理货需要男生，手脚麻利不戴眼镜，能接受低温工作。
4:学历：不限
5.面试时间和试岗，面试时间13-16：00，14:00到面当天试岗。
6;其他：分拣尽量要周边就近居住的，需接受最晚凌晨12班次，不穿短裙短裤拖鞋。",分拣兼职，18-35岁，不带眼镜，女士优先。工作日及周末都可以出勤（只要长期兼职，不要暑假学生工）,白云区,本站,广州市白云区夏良永胜路360号D栋8号铺,肖国成,020-31526505,1
23,,广州,广州三区,白云大道北一站,二级,0,0,0,0,0,0,"1.年龄：分拣女21-35岁，理货23-35，水产18-35
2.性别：分拣女，水产理货男生优先
3.是否需要经验;需要进冷库，不戴眼镜，手脚麻利，有过经验优先，水产员懂水产品的优先；白班理货需要男生，手脚麻利不戴眼镜，能接受低温工作。夜班理货能接受高强度工作。
4:学历：不限
5.面试时间和试岗，面试时间13-16：00，14:00到面当天试岗。
6;其他：通勤距离近，需接受最晚凌晨2点班次，不穿短裙短裤拖鞋。",兼职分拣要求周内下午高峰16-20，21-*2点出勤，周末能出勤，女生，20-35岁，不戴眼镜。兼职理货要求周内下午出勤，周末能出勤，男生20-35岁，长期稳定出勤能接受冷藏作业，不戴眼镜，醒目，细心，有相关库管作业经验优先.6s专员要求两个时段出勤，早上8-10，下午13-15,白云区,本站,广州市白云区集贤路109号,钟启康,020-35621327,1
24,,广州,广州三区,花都汽车城站,一级,0,0,0,0,0,0,适应长期夜班，需要留年，男生女生都可以35以下，通勤20min以内，不要戴眼镜,分拣兼职，18-35岁，不带眼镜，能接受低温环境，断短班，女士优先。工作日及周末都可以出勤，长期兼职,花都区,本站,广东省广州市花都区瑞云路2号瑞云大厦1楼01店面,张海荣,020-32780093,1
25,,广州,广州三区,花都南站,一级,0,0,0,0,0,0,,,花都区,本站,广州市花都区新华街道建设路9号首层102号,郑钟灵,020-86825484,1
26,,广州,广州三区,花都东站,二级,1,0,0,1,0,0,"1.年龄：分拣22-40岁，理货20-30，水产40以下
2.性别：分拣男女不限（男生要不抽烟不喝酒，勤快)，理货男女不限。
3.是否需要经验;需要进冷库，不戴眼镜，手脚麻利，经验不限，水产员能接受杀鱼，吃苦耐劳不怕脏，有一定文字理解能力。白班理货需要男生，手脚麻利不戴眼镜，能接受低温工作。夜班理货能长期熬夜，要求踏实勤快肯干，手脚利索性格开朗。
4:学历：不限
5.面试时间和试岗，面试时间09:30-10:30，当天试岗。周末尽量不面试，提前跟站长预约后再安排。
6;其他：不要近视不要太矮太胖，体型适中，不穿短裙短裤拖鞋。",需要接受晚班，兼顾下午高峰及夜间；要求可以长期稳定出勤，年龄45岁以下（兼职周末、节假日不面试）。国庆中秋要能出勤,花都区,本站,广州市花都区迎宾大道129号一楼小象超市,郭碧霞,020-86801554,1
27,,广州,广州三区,花都北新站,二级,3,1,0,1,1,0,"1.年龄：分拣女18-35岁，理货18-35，水产18-35
2.性别：分拣女，水产、理货男生优先
3.是否需要经验;需要进冷库，不戴眼镜，手脚麻利，有过经验优先，水产员对水产品类及岗位有基本认知，爱干净，有相关经验或厨房经验优先；白班理货需要男生，手脚麻利不戴眼镜，能接受低温工作。
4:学历：不限
5.面试时间和试岗，面试时间09:00，当天试岗；夜班理货联系站长线上面试。
6;其他：分拣通勤距离近，能接受留年，人选不穿短裙短裤拖鞋。","上班时间工作日出勤20-2，周末9-12,20-24时间段内排班，女，不戴眼镜，30岁以下，通勤时间短;兼职水产需男生工作日出勤15-19，周末9-12,15-19时间段内排班，ps不要学生",花都区,本站,广州市花都区秀全街茶碑路3号114室,陈嗣京,020-33971670,2
28,兼职P0,广州,广州三区,花都区府站,二级,5,4,0,1,0,0,"1.年龄：分拣女18-35岁，理货18-35，水产18-35
2.性别：分拣女，水产理货男生优先
3.是否需要经验;需要进冷库，不戴眼镜，手脚麻利，有分拣仓储经验优先，水产员最好是做过厨房做过后厨，吃苦耐劳接受鱼腥味；白班理货需要男生，手脚麻利不戴眼镜，能接受低温工作。
4:学历：不限
5.面试时间和试岗，面试时间13-15：00，14:00到面当天试岗。
6;其他：不穿短裙短裤拖鞋。",花都区府站大量招夜间兼职，排班固定，每天可出勤4小时，出勤时间段夜间22-*02点，需求4人,花都区,本站,广州市花都区迎宾大道81号106铺,李宏涛,020-36960996,2
29,P0,广州,广州三区,从化建设路站,一级,10,8,0,0,2,0,"1.年龄：分拣女20-30岁，理货21-27，水产20-35
2.性别：分拣女，水产理货男生优先
3.是否需要经验;需要进冷库，不戴眼镜，手脚麻利，有过经验优先，水产员会杀鱼，有相关工作经验的优先，懂得暂养水产品；白班理货需要男生，手脚麻利不戴眼镜，能接受低温工作。
4:学历：不限
5.面试时间和试岗，面试时间13-16：00，14:00到面当天试岗。
6;其他：不穿短裙短裤拖鞋。","接受2-6小时排班断班，排班时间8-14,16-19-20，22-凌晨2点",从化区,本站,广州市从化区街口建设路220号商场C区C1-38号商铺,钟汉棚,13640042037,1
30,,广州,广州三区,白云人和站,筹建站,25,0,0,15,10,0,0,0,白云区,0,广州市白云区方华路1489号1层,0,0,1
31,兼职P0,广州,广州四区,棠东站,二级,3,0,1,2,0,0,"1、年龄：分拣23岁左右 夜班35岁以下
2、性别：男女不限
3、是否需要经验：不需要经验;需要进冷库，不戴眼镜，手脚麻利，有过经验优先，水产员最好是做过厨房做过后厨，手脚麻利不戴眼镜，能接受低温工作
4、学历：不限学历
5、面试时间和试岗时间：面试时间全天10-15点（周末不面试），试岗看人选穿着符合的话会尽量当天安排试岗",①周六日能出勤；②平时16-02这个范围出勤，周六日全天；不在范围时间段不用推面,天河区,本站,广州市天河区丰乐路60号112,黄伟杰,020-38809806,2
32,,广州,广州四区,华景新城站,二级,7,6,1,0,0,0,"1、年龄：20-30
2、性别：男女不限
3、是否需要经验：不需要经验;需要进冷库，不戴眼镜，手脚麻利，有过经验优先，水产员最好是做过厨房做过后厨，手脚麻利不戴眼镜，能接受低温工作
4、学历：不限经验学历
5、面试时间和试岗时间：面试时间下午1-4点 周末不面试，三点之前过来的会安排当天试岗之后会安排隔天""","分拣兼职可以上工作日下午高峰期及周末早上的优先， 周末不面试,  水产兼职需要周末+节假日可出勤的　",天河区,本站,广州市天河区中山大道华景路粤生街90号首层自编102,李浩,020-85560069,3
33,,广州,广州四区,东圃二站,三级,0,0,0,0,0,0,"1、年龄：分拣优先要女生，18-30岁 白班理货需要上中班（15点到凌晨三点）
2、性别：男女不限
3、是否需要经验：不需要经验;需要进冷库，不戴眼镜，手脚麻利，有过经验优先，水产员最好是做过厨房做过后厨，手脚麻利不戴眼镜，能接受低温工作
4、学历：不限经验学历
5、面试时间和试岗时间：面试时间下午2-4点 周末不面试，",能接受工作日下午班次16-23，周六，日全天，招长期，至少做3个月以上，不戴眼镜，28岁以内，星期六，日不面试,天河区,本站,广州市天河区东圃大马路2号东圃购物中心C座（前进派出所斜对面停车场）,付朝（主）,020-31801172,1
34,全+兼P0,广州,广州四区,黄陂站,二级,10,6,0,3,1,0,"1、年龄：22-35岁；
2、性别：男女不限；
3、是否需要经验：不戴眼镜，可以接受16-2点的班次；
4、学历：不限；
5、面试和试岗时间：早上9点-12点，下午13点-15点；15点后不安排试岗，周末面试但不试岗；
6、其他：邀约时可以提前跟候选人说一下留年的问题，不接受暑假工。
","兼职不要学生，不要带眼镜，能适应冷库作业环境，住站点附近，出勤时间段16-20,20-凌晨2点，周末节假日全天，长期稳定",黄埔区,本站,广东省广州市黄埔区黄陂朱华路21号美团买菜,付朝（兼）,020-33975976,3
35,,广州,广州四区,岑村站,二级,8,4,1,2,1,0,"1、年龄：18-40岁；
2、性别：男女不限；工作日面试时间13：00-16：00，周末不面试
3、是否需要经验：能吃苦耐劳，冷库作业，夜班能够接受支援附近站点的工作；
4、学历：不限；
5、面试和试岗时间：12-15点，当天可以安排试岗，周末不面试；
6、其他：不接受暑假工",加急，能够出勤到凌晨2点,天河区,本站,广州市天河区华观路北樟木山大街2号01房,黄大庆,020-85598726,3
36,,广州,广州四区,新智慧城站,二级,5,4,0,0,1,0,"1、年龄：20-40岁；
2、性别：男女不限；
3、是否需要经验：工作意向高，逻辑思维清晰，对赚钱有欲望，态度积极意向强可以接受戴眼镜，能接受轮班（最晚凌晨2点下班）
4、学历：不限；
5、面试和试岗时间：14-16面试，当天可安排试岗。周末不面试；
6、其他：不接受暑假工",分拣兼职35以下：工作日需求晚高峰16-01点区间，周末节假日全天，【不要学生工】,天河区,本站,广州市天河区横圳路13号,杨星哲,020-38801275,3
37,,广州,广州四区,天河岑村站,9.23开业,9,4,2,2,1,0,岑村站面试，工作日面试时间13：00-16：00，周末不面试,0,天河区,0,广东省广州市天河区长兴街沙浦大街38号一楼B88号铺,黄大庆,17620043478,3
38,,广州,广州五区,越秀惠福西站,三级,0,0,0,0,0,0,；,招聘长期兼职，接受出勤时间16-24点 只要长期 不要暑期工！！！6S专员下午14能开始出勤,越秀区,本站,广州市越秀区惠福西路13号首层、15号、17号101部分,陈咏伦,020-81068629,4
39,,广州,广州五区,越秀江湾站,二级,12,9,0,1,2,0,"1.年龄：女生要求25-45岁，男生要求18-40岁
2.性别：男女不限
3.是否需要经验：不限经验，有经验优先
4.学历：高中以上
5.面试时间和试岗：10到15点之间，试岗3小时
6.其他：有赚钱欲望，尽量不要戴眼镜，能接受冷库工作，非学生",能接受经常入冷库作业，能接受凌晨0点下班，周末能出勤，周一到周五能出勤2-3天,越秀区,本站,广州市越秀区越秀南路5号202、223-2114房,刘鹏,020-83065671,4
40,,广州,广州五区,金沙洲二站,二级,0,0,0,0,0,0,"1.年龄：要求18-35岁
2.性别：分拣女生优先，理货要求男生，水产男女不限。
3.是否需要经验：所有岗位不限经验，有同行经验优先。分拣需要态度好，积极性高，理货要求可以适应冷藏环境，体力好，强壮一点，160以下不要（考虑货架高度），水产员有水产餐饮行业优先。
4.学历：不限
5.面试时间和试岗：面试时间下午2-4点，最好3点前来，2点面试的可以安排当天试岗，根据站点面试情况安排。
6.其他：",女生长期兼职，平时上班时间16-凌晨2点之间4-8小时，要求不戴眼镜，需适应冷库工作，工作日下午1点-3点面试，其余时间不面试,白云区,本站,白云区沙凤三路3号101房B120室,李锦堂,020-86534626,3
41,P0,广州,广州五区,金沙洲一站,二级,13,8,1,2,2,0,"1.年龄：要求18-35岁。
2.性别：分拣要求女生，不戴眼镜；理货和水产男女不限。
3.是否需要经验：分拣不限经验，理货和水产需要有相关经验。
4.学历：不限
5.面试时间和试岗：早上7-11，中午14-16都可以，周末不面试
6.其他：分拣要求不戴眼镜，能吃苦，理货和水产要求能吃苦，有同行业相关经验。",不要暑假工，分拣兼职不能戴眼镜，上班时间16-20，保证每天有班上,白云区,本站,广州市白云区金沙街横沙礼传东街2号自编01房,张铭,020-38801059,2
42,,广州,广州五区,白云三元里站,二级,1,1,0,0,0,0,"1.年龄：要求20-30岁，可以适当放宽到35岁
2.性别：分拣男女不限，女生优先，理货男生优先，水产男女不限。
3.是否需要经验：分拣需要积极性高的，不带眼镜，可以接受上15-2点班次，接受低温环境。理货要求体力好，水产员不限经验，有同行经验优先。
4.学历：不限
5.面试时间和试岗：1点半到3点半，可以安排当天试岗，会安排晚上试岗。
6.其他：","1.上班不支持戴有框眼镜，适应低温环境工作，要接受晚班；
2.工作积极主动，需要跑起来，适应高强度工作。",白云区,本站,广州市白云区飞鹅西路3号首层部分,李锦堂,020-32782273,3
43,,广州,广州五区,西村站,二级,7,5,0,0,2,0,"1.年龄：20-35岁
2.性别：男女不限
3.是否需要经验：不限经验，不戴眼镜，高峰期需要跑起来拣单，接受高强度工作，能接受冷库作业。水产岗位有同行经验优先。
4.学历：不限
5.面试时间和试岗：工作日上午9-10点半，下午14-16，周末不面试
6.其他：",优先女生，需要周六日高峰期可以固定出勤的，上不到就不要推过来，面试时间周中14-16点，周末不面试,荔湾区,本站,广东省广州市荔湾区西湾东路21号韵达快递（旁边美团买菜）,黄志伟（兼）,020-80504434,3
44,,广州,广州五区,西场站,二级,1,0,0,0,1,0,"1.年龄：要求18-35岁，水产可以到40岁。
2.性别：分拣男女不限，理货和水产要求男生。
3.是否需要经验：分拣不限经验，不带眼镜。理货不限经验，不戴眼镜，能接受冻库工作，水产员会宰杀经验，没经验不要。
4.学历：不限
5.面试时间和试岗：9点半到下午3点前，一般都是当天试岗。
6.其他：分拣员不要胖的",能够上下午16-*02点任意时间段,荔湾区,本站,广州市荔湾区中山八路新虹街38号首层,方静,020-31239926,3
45,,广州,广州五区,南海黄岐站,二级,0,0,0,0,0,0,"1.年龄：要求22-32岁
2.性别：岗位男女不限
3.是否需要经验：相关行业经验
4.学历：不限
5.面试时间和试岗：下午14点半-16点半面试，周末不面试
6.其他：不要情侣、朋友两人一起入职","年龄34以下，不戴眼镜不近视，不戴眼镜不近视。工作日13-15,20-21.5点可面试。",南海区,本站,南海区南方药食同源产品国际贸易城（西环路东）,唐伟,0757-85939193,2
46,,广州,广州五区,荔湾如意站,二级,1,0,1,0,0,0,"1.年龄：要求20-35岁。
2.性别：不配戴眼镜，分拣男女不限，女生优先，理货要求男生，水产要求男的，有经验的女生可以。
3.是否需要经验：不限经验
4.学历：不限
5.面试时间和试岗：1-4点面试，当天试岗3点前来，3-4点不安排试岗。
6.其他：",分拣兼职需要能出勤到凌晨2点的时段能长期稳定出勤，或能晚间稳定出勤至0点也可。面试时间下午13-15点，晚间面试时间20-22点,荔湾区,本站,广州市荔湾区如意坊路2号之6二楼自编201,吴良聪,020-81008092,3
47,兼职P0,广州,广州五区,南海北村站,一级,0,0,0,0,0,0,"1.年龄：要求18-35岁，水产员可以放宽到39岁。
2.性别：分拣男女不限，女生优先，白班理货男女不限，优先男生，女生受不了上架工作，夜班理货要求男生，水产员：男女不限。
3.是否需要经验：水产要有经验，其他岗位不限经验。
4.学历：不限
5.面试时间和试岗：中午12-4点，隔天试岗，当天试岗闪离率比较高。
6.其他：需要留年，需要留年，需要留年 情侣来收一个 或者一白一夜",兼职分拣需要晚上16到24点时间段可以出勤， 通勤时间最好在10-20分内，不要戴眼镜，需要多名水产兼职 6S专员继续招聘,南海区,本站,佛山市南海区大沥镇黄岐六联北村大道（北一段）8号首层自编106,吴润开,0757-29899615,2
48,兼职P0,广州,广州五区,白云松南站,二级,5,5,0,0,0,0,"1.年龄：20-35岁
2.性别：男女不限
3.是否需要经验：不限经验，分拣员和理货不戴眼镜，高峰期需要跑起来拣单，接受高强度工作，能接受冷库作业，水产岗位有同行经验优先。
4.学历：不限
5.面试时间和试岗：工作日上午9-10点半，下午14-16，周末不面试
6.其他：",16-24 时段之间能长期稳定出勤，不戴眼镜不近视，暂不招聘短期兼职，暑假工不需要，面试时间周中14-16点，周末不面试。,白云区,本站,广州市白云区华糖街18号一层101室,黄志伟（主）,020-81192723,3
49,兼职P0,广州,广州五区,南海大沥站,8.31开业,10,5,0,0,5,0,本站面试,0,南海区,本站点,佛山市南海区大沥沥东城南“新山”地段新城南广场三号楼首层物业【F-1002号】,吴乙鹏,15811868527,1
50,全+兼P0,广州,广州六区,黄埔萝岗站,三级,8,6,0,2,0,0,"1.年龄：35岁以内，
2.性别：女生优先  男生不抽烟也可以  ，理货水产要男生
3.是否需要经验：不戴眼镜，手脚麻利，有过经验优先，，能接受低温工作。
4:学历：学历不限 
5.面试时间和试岗：14-16之间时间。（14点到面可安排当天试岗）
6;其他：暂无安排当天试岗）",水产和分拣兼职可周一至周五下午15-21出勤；（不要学生、不要学生、不要学生）,黄埔区,本站,广州开发区新阳东路81号101房,徐南宇,020-82257976,5
51,兼职P0,广州,广州六区,夏园站,一级,7,6,1,0,0,0,"1.年龄：22-35（流水半年以上 18岁也可以 ）
2.性别：分拣男女均可 
3.是否需要经验：不戴眼镜，手脚麻利，有过经验优先，，能接受低温工作。
4:学历：学历不限 
5. 面试时间14-16点之间（周末不面试）（14点到面可安排当天试岗）
6.其他：着装符合要求",分拣兼职随时能到岗，有经验，不带眼镜、不带眼镜、不带眼镜，面试时间14~16点。,黄埔区,本站,广州市黄埔东路2937号218,徐建洪,020-31605214,3
52,P0,广州,广州六区,黄埔云埔站,三级,12,8,1,0,2,1,"1.年龄：22-35（流水半年以上 18岁也可以 ）
2.性别：分拣男女均可 
3.是否需要经验：不戴眼镜，手脚麻利，有过经验优先，，能接受低温工作。
4:学历：学历不限 
5. 面试时间14-16点之间（周末不面试）（14点到面可安排当天试岗）
6.其他：着装符合要求",0,黄埔区,本站,广州市黄埔区开创大道1136号103房,王欣贺,17692645374,5
53,,广州,广州六区,新塘南站,二级,0,0,0,0,0,0,"1.年龄：35岁以内
2.性别：分拣男女均可  理货水产尽量男生
3.是否需要经验：不戴眼镜，手脚麻利，有过经验优先，，能接受低温工作。
4:学历：学历不限 
5. 面试时间14-16点之间（14点到面可安排当天试岗）
6;其他：无。",20-35岁以内，不戴眼镜做事细心，能接受冷冻作业，吃苦耐劳，分拣兼职需要晚兼职，白天的不需要,增城区,本站,广州市增城区新塘镇新新大道南142号欧美国际大厦停车场进50米小象超市,张占孜,020-31232086,2
54,,广州,广州六区,新塘东站,二级,8,5,1,2,0,0,"1.年龄：35岁以内
2.性别：分拣男女均可  理货水产尽量男生
3.是否需要经验：不戴眼镜，手脚麻利，有过经验优先，，能接受低温工作。
4:学历：学历不限 
5. 面试时间14-16点之间（14点到面可安排当天试岗）
6;其他：无。",兼职全天班3人            8：00-13：00需求4人         16：00-20：00需求5人          20：00-2：00需求3人    ,增城区,本站,广州市增城区新塘镇广深大道东广侨时代,周而凤,020-32150806,2
55,,广州,广州六区,白江站,二级,1,0,0,0,1,0,"1.年龄：35岁以内
2.性别：分拣最好是男生  理货水产尽量男生
3.是否需要经验：不戴眼镜，手脚麻利，有过经验优先，，能接受低温工作。水产员有相关经验优先
4:学历：学历不限 
5. 面试时间14-16点之间（14点到面可安排当天试岗）
6.水产员只需要有经验熟手。
",分拣兼职能满足16-24点班次，不戴眼镜，可接受进冻库，18-34岁。6S专员兼职男女不限 岁数50以下 要求卫生打扫细致即可,增城区,本站,广东省广州市增城区新塘镇广深大道西63号小象超市（原美团买菜）,李卓凌,020-87603250,2
56,,广州,广州六区,凤凰城南站,二级,0,0,0,0,0,0,"1.年龄：22-35（流水半年以上 18岁也可以 ）
2.性别：分拣男女均可  理货水产尽量男生
3.是否需要经验：不戴眼镜，手脚麻利，有过经验优先，，能接受低温工作。
4:学历：学历不限 
5. 面试时间14-16点之间（周末不面试）（14点到面可安排当天试岗）
6;其他：着装符合要求",周末可出勤,增城区,本站,广州市增城区新塘镇凤凰城荔枝文化村20号一楼,谭玉銮,020-32147894,4
57,,广州,广州六区,增城荔城站,一级,6,4,1,1,0,0,"1.年龄：20-35
2.性别：分拣男女均可  理货水产尽量男生
3.是否需要经验：不戴眼镜，手脚麻利，有过经验优先，，能接受低温工作。
4:学历：学历不限 
5. 面试时间14-16点之间（周末不面试）（14点到面可安排当天试岗）
6;其他：着装符合要求  接受轮班制 最早6点班次，最晚0点",均可，晚班兼职优先，16点-19点，20点-0点,增城区,本站,广州市增城区荔城街道荔城大道215号之一,黄金权,020-26220262,1
58,,广州,广州六区,增城永宁站,9.22开业,31,10,5,8,8,0,0,0,增城区,本站点,广州市增城区永宁街道永平路68号美贺科技园B栋102号,王欣贺,17692645374,5
59,,广州,广州七区,白云同泰站,二级,0,0,0,0,0,0,"1、年龄：20-35岁；
2、性别：男女不限；
3、是否需要经验：白班理货、分拣岗位不戴眼镜，住附近的优先，可以接受16-2点的班次；
4、学历：不限；
5、面试和试岗时间：早上10点-12点，下午14点-16点；当天不忙可以安排试岗。周末尽量不推面试
6、果切员要求有相关经验，接受晚班班次，12-*0，无经验勿推
",分拣兼职，住站点附近，不近视，全天时段可稳定出勤，年龄20-30,白云区,本站,白云区同和街白山东路42号1栋1层自编D5040号,温文豪（主）,020-32780093,2
60,,广州,广州七区,天河客运站,二级,0,0,0,0,0,0,"1、年龄：18-35岁；
2、性别：男女不限；
3、是否需要经验：分拣能接受排班到凌晨两点下班，夜班要求有相关工作经验，想赚钱欲望，混子不要，能接受冻库寒冷环境工作
4、学历：不限；
5、面试和试岗时间：13点-15点30；15点30后到的当天不安排试岗。夜班20点面试。
6、其他：不接受暑假工，面试结果会统一反馈，人选面试通过店内会根据情况安排试工，不用来电询问","35岁以上不要，分拣兼职出勤时间为16-20，20-2点能出勤，非该时间段不予面试。水产、理货兼职要男生,，暑假工不予面试，16点后不面试",天河区,本站,广州市天河区元岗北街91号之4自编101-112室,曹孝东,020-38803016,2
61,,广州,广州七区,太和站,二级,0,0,0,0,0,0,"1、年龄：20-35岁；
2、性别：女生优先，男生态度积极意向高可以要；
3、是否需要经验：白班理货、分拣岗位不戴眼镜，住附近的优先，可以接受16-2点的班次；夜间副站需要有管理经验，夜班仓储经验；夜班副站上班时间为晚上20点-次日8点；
4、学历：不限；
5、面试和试岗时间：早上10点-12点，下午14点-16点；当天不忙可以安排试岗。周末尽量不推面试
6、其他：不接受暑假工。
",年龄18-35，不近视，长期稳定出勤，必须满足出勤时间段。出勤时间段：晚高峰16-20,白云区,本站,白云区太和镇大源村黄庄南路74号欧梵广场E205 室,温文豪（兼）,020-31233685,2
62,,广州,广州七区,长湴站,二级,3,3,0,0,0,0,"1、年龄：18-40岁；
2、性别：男女不限；
3、是否需要经验：分拣员要求不近视，有相关工作经验，可接受最早19点半下班，最晚凌晨2点下班轮班制度，可接受冷库穿梭作业；白班理货，要求能接受长时间冷库工作和部分水产工作，有商超及相关经验优先；夜班理货，要求可接受晚8点-次日早8点和下午3点-次日凌晨3点两个班次，可接受水产宰杀工作及长时间冷库工作，以上岗位日工作6-12小时，可接受断班
4、学历：不限；
5、面试和试岗时间：下午1点-3点，夜班面试时间晚20点，周末可以推面试，看情况安排试岗
6、其他：不接受暑假工，需要沟通留年",分拣兼职要求不近视，工作日能接受0-2点的班次优先，周末及假日可出勤，可接受冷库穿梭拣货工作环境，水产兼职需要出勤时间固定每天下午4点到7点，要求长期稳定，面试时间13点-15点,天河区,本站,广州市天河区五山长湴路广州市萌芽实业总公司大院14栋,何挺,020-86576104,2
63,,广州,广州七区,东莞庄站,二级,3,3,0,0,0,0,"1、年龄：22-35岁；
2、性别：男女不限；
3、是否需要经验：分拣不要带眼镜的，分拣能接受上到凌晨0-2点的班次，接受不了的不要推过来;
4、学历：不限；
5、面试和试岗时间：9点-12点；13点-15点；15点后不安排试岗；周末可以面试但不试岗。
6、其他：不接受暑假工,跟候选人提前说一下留年的问题",长期能出勤的分拣兼职35以下：工作日8-12，16-19，20-02点，周末节假日全天，有相关经验不佩戴眼镜。不要学生工！不要学生工！不要学生工！,天河区,本站,天河区东莞庄路东莞庄68号,吴卫强,020-37621831,3
64,,广州,广州七区,天河龙洞站,二级,6,3,1,0,2,0,"水产员，1、年龄：男，24-35岁有宰杀经验（周末不面试）
2、性别：男女不限；
3、是否需要经验：作意向高，逻辑思维清晰，对赚钱有欲望，态度积极意向强可以接受戴眼镜，能接受轮班（最晚凌晨2点下班）
4、学历：不限；
5、面试和试岗时间：14点-16点；当天可以安排试岗。周末尽量不面试
6、其他：不接受暑假工。",分拣要求不要学生，不要学生，不要学生，并且国庆中秋需要出勤（周末不面试）,天河区,本站,广州市天河区龙洞北路288号龙洞北广场A103、A104,陈春程,020-85513953,2
65,,广州,广州八区,昌岗站,二级,7,6,0,0,1,0,"1.年龄：分拣18-40岁，
2.性别：男女不限，理货和水产男生
3.是否需要经验; 不戴眼镜，有无经验都行
4:学历：无
5.面试时间和试岗：上午10-11点，下午1-4点都可以面试，3点前面试可以安排当天试工，
6;其他",周一到周五16点能上班，周六日必须出勤,海珠区,本站,广州市海珠区晓港中路130号之十七半地下室,周伟健,020-80927280,3
66,,广州,广州八区,江南大道中站,二级,0,0,0,0,0,0,"1.年龄：分拣20-35岁，理货和水产20-35周岁，
2.性别：分拣优先女生
3.是否需要经验; 不戴眼镜，可接受最早6点半上班，最晚凌晨2点下班轮班制度
4.学历：无
5.面试时间和试岗：面试时间上午10-11点和下午1-4点面试
6.其他",优先社会兼职，学生兼职暂时不需要,海珠区,本站,广州市海珠区前进路26号首层-1、26号首层-2、26号首层自编之三号,陈中庆,020-80922696,4
67,,广州,广州八区,鹭江站,二级,2,2,0,0,0,0,"1.年龄：20-35岁
2.性别：男女不限
3.是否需要经验; 不戴眼镜，能接受轮班
4.学历：无
5.面试时间和试岗：面试时间上午10-11点和下午1-4点面试
6.其他",暑期工已招满，暑期工暂时不需要，需求长期工，时间：夜间可上到2，早上7-12，晚上16-23周末可出勤，年龄35以内,海珠区,本站,广州市海珠区滨江东路550号,郭嘉文,020-31951524,5
68,,广州,广州八区,沙园站,二级,6,0,2,2,2,0,"1.年龄：20-38岁
2.性别：男女不限
3.是否需要经验; 不戴眼镜，分拣要能接受到凌晨2点
4.学历：无
5.面试时间和试岗：晚上20点前都可以面试，15点前到可安排当天试工
6.其他，",1、不要暑假工 2、周末至少可出勤一天（不达要求麻烦不要推）,海珠区,本站,广东省广州市海珠区工业大道北33号,李捷,020-32641369,3
69,全+兼P0,广州,广州九区,洛溪站,二级,5,2,0,0,3,0,"1.年龄：18-35岁
2.性别：分拣男女不限，夜班理货要求男性
3.是否需要经验：需要进冷库，不戴眼镜，手脚麻利，有过经验优先，水产员宰杀经验优先，白班理货需要男生，手脚麻利不戴眼镜，能接受低温工作。
4:学历：不限
5.面试时间和试岗，下午1-4点，试岗2-4小时，周六日不面试
6;其他：无
",长期兼职，分拣男生女生都行能接受，上到凌晨2点的，周末不面试,番禺区,本站,广州市番禺区沙滘西路43号龙腾时代产业园,韦丽龙,020-31103364,2
70,兼职P0,广州,广州九区,番禺万博站,二级,1,0,0,1,0,0,"1.年龄：18-35岁
2.性别：分拣男女不限，夜班理货要求男性
3.是否需要经验：分拣需要接受最晚2点班次，需要进冷库，不戴眼镜，手脚麻利，有过经验优先，水产员宰杀经验优先，夜班理货接受无经验。
4:学历：不限
5.面试时间和试岗，下午1-4点，试岗2-4小时，周六日面试
6;其他：夜班理货安排晚上试岗 
",兼职分拣时间8:00-12:00/16：00-20：00/20:00-00:00，水产兼职主要周六日出勤,番禺区,本站,广州市番禺区南村镇汉溪大道东300号紫荆雅园商场129-132房,李波（兼）,020-31103790,3
71,,广州,广州九区,番禺板桥站,二级,3,2,0,1,0,0,"1.年龄：18-33岁
2.性别：分拣男女不限，夜班理货要求男性
3.是否需要经验;分拣 目前能做到晚上12点钟就要，需要进冷库，不戴眼镜，手脚麻利，文职类经历不要，水产员可以戴眼镜，有宰杀经验优先，白班理货会看过往经验，夜班理货需要抗寒经。
4:学历：不限
5.面试时间和试岗，下午12-4点，试岗2-4小时，3点后隔天试岗，试注意不要穿裙子 洞洞鞋 拖鞋，周六日9-13点面试
6;其他：2点的班次有固定班人选了，长得太胖不要",分拣兼职分拣时间8:00-13:00/16：00-20：00/20:00-凌晨0点/22:00-凌晨2点,番禺区,本站,广州市番禺区南村镇南草堂村竹脚坊草博路1、3、5号101,陈雪兰,020-86211129,3
72,,广州,广州九区,南浦站,二级,3,1,1,1,0,0,"1.年龄：20-30岁，夜班理货20-35
2.性别：分拣男女不限，夜班理货要求男性
3.是否需要经验：分拣需要接受凌晨2点班次，文职类经历不要，水产员有宰杀经验优先，夜班理货接受冷库作业，最好有夜班熬夜的工作经历。
4:学历：不限
5.面试时间和试岗，下午12-4点，试岗2-4小时，试注意不要穿裙子 洞洞鞋 拖鞋，周六日不面试
6;其他：无",（兼职不要暑假工）（兼职不要暑假工）（兼职不要暑假工）长期水产兼职，节假日周末能出勤，平时能出勤时间段16-20;分拣兼职节假日周末能出勤，长期固定早上9-12；下午17-21点能出勤的,番禺区,本站,广州市番禺区桔树村万兴一路一号,黄雪文,020-84829234,2
73,兼职P0,广州,广州九区,华南新城站,二级,6,6,0,0,0,0,"1.年龄：18-35岁
2.性别：分拣男女不限，夜班理货要求男性
3.是否需要经验：分拣需要接受凌晨2点班次，文职类经历不要，水产员有宰杀经验优先，夜班理货接受无经验。
4:学历：不限
5.面试时间和试岗，上午9-16点，试岗2-4小时，周六日不面试
6;其他：最好通勤在30min内",（兼职不要暑假工）（兼职不要暑假工）（兼职不要暑假工）， 需要分拣全职，夜班理货，以及节假日，平日兼职,番禺区,本站,广州市番禺区华南新城路8号,卢德聪,020-85823272,3
74,,广州,广州九区,番禺大石站,二级,0,0,0,0,0,0,"1.年龄：分拣18-35岁，夜班理货25-35
2.性别：分拣男女不限，夜班理货要求男性
3.是否需要经验：分拣需要接受凌晨2点班次，文职类经历不要，水产员有宰杀经验优先，夜班理货接受无经验。
4:学历：不限
5.面试时间和试岗，上午9-16点，周六日9-13，试岗3-4小时，3点后到 安排第二天试岗，
6;其他：身高155以上",能出勤时间能接受最晚凌晨1点，不戴眼睛，能接受安排，吃苦耐劳，年龄32岁以内，只要社会兼职能长期稳定，暑期兼职一律不要。,番禺区,本站,广州市番禺区番禺大道北60号,赖燕珊,020-85821776,1
75,兼职P0,广州,广州九区,番禺东联站,二级,0,0,0,0,0,0,"1.年龄：18-35岁
2.性别：分拣、水产男女不限，夜班理货要求男性
3.是否需要经验：需要接受轮班，之前要有稳定的工作经历，要进冷库，不戴眼镜，手脚麻利，有过经验优先，水产员要接受杀鱼，有宰杀经验优先。
4:学历：不限
5.面试时间：上午10点-12 下午2-4点， 4点后安排隔天试岗，节假日周末可面试
6;其他：无",兼职分拣时间8:00-12:00/16：00-20：00/20:00-00:00,番禺区,本站,广州市番禺区大石街105国道大石段570号,余炎鸿,020-31105502,1
76,,广州,广州九区,番禺市广站,二级,2,0,0,1,1,0,"1.年龄：分拣23-35岁，夜班理货25-35
2.性别：分拣男女不限，理货岗位要求男性
3.是否需要经验：分拣不戴眼镜，水产员可以戴眼镜，懂得暂养水产品，有宰杀经验优先，理货岗位不戴眼镜，需要会使用电脑。
4:学历：不限
5.面试时间：早上9：30-12:30 下午14:30-17点前 周末分拣只约早上面试，其他岗位14:30-17点前
6;其他：无",加急招聘兼职覆盖8.00-13.00/20.00-02.00/16.00-23.00时段 反应快的女生优先，男生也可以,番禺区,本站,番禺区沙头街桥兴大道739号6栋107、108、109、110、111、112、117铺,罗华嵘,020-87607197,2
77,,广州,广州九区,祈福新村站,二级,2,2,0,0,0,0,"1.年龄：18-35岁
2.性别：分拣只要女分拣，理货岗位要求男性
3.是否需要经验：分拣不戴眼镜，有经验优先，男分拣必须接受凌晨2点班次，水产员能接受长期潮湿环境，夜班理货不戴眼镜，需要通勤时间短的人选。
4:学历：不限
5.面试时间：下午1-4点，上午11点前，周末不面试
6;其他：无",兼职女性大量要，不戴眼镜，周一到周五下午16:00-23:00可出勤，平时可出勤，周末全天可出勤,番禺区,本站,广州市番禺区钟村镇钟一村钟屏岔道49号,刘建军（主）,020-84884514,2
78,,广州,广州九区,钟村站,二级,3,1,1,1,0,0,"1.年龄：18-35岁
2.性别：分拣男女不限，理货岗位要求男性
3.是否需要经验：分拣不戴眼镜，有经验优先，男分拣必须接受凌晨2点班次，水产员能接受长期潮湿环境，夜班理货不戴眼镜，需要通勤时间短的人选。
4:学历：不限
5.面试时间：下午1-4点，上午11点前，周末不面试
6;其他：无",分拣兼职：女性18-30岁，不戴眼镜，能接受进冻库，出勤时间段16:00-19:00，19:00-23:00，20:00-23:000,番禺区,本站,广州市番禺区市广路60号2号楼首层,刘建军（兼）,020-87609329,2
79,,广州,广州九区,番禺蔡边站,二级,4,0,1,2,1,0,"1.年龄：18-35岁
2.性别：分拣男女不限，夜班理货要求男性
3.是否需要经验;分拣需要接受最晚2点班次，需要进冷库，不戴眼镜，手脚麻利，有过经验优先，水产员宰杀经验优先，夜班理货接受无经验。
4:学历：不限
5.面试时间和试岗，下午1-4点，试岗2-4小时，周六日面试
6;其他：夜班理货安排晚上试岗 
",20-35岁，不戴眼镜，吃苦耐劳，细心，兼职分拣员下午16到凌晨2点可以上班，面试时间14点周六日不面试,番禺区,本站,广州市番禺区东环街蔡边一村广珠东线北侧（B厂房）一层101,李波（主）,020-84886263,2
80,,广州,广州十区,市桥西站,二级,3,0,1,2,0,0,"1.年龄：18-35岁
2.性别：分拣要求女生、白夜班理货要求男生，不戴眼镜，手脚麻利
3.是否需要经验：需要接受轮班，之前要有稳定的工作经历，要进冷库，不戴眼镜，手脚麻利，有过经验优先，水产员要接受杀鱼，有宰杀经验优先。
4:学历：不限
5.面试时间：上午10点-12 下午2-4点， 4点后安排隔天试岗，节假日周末可面试
6;其他：无",要求长期兼职，不要暑假工，23-30岁内，不要戴眼镜，不要戴眼镜，工作日16点-20点，20点-2点，周末全天可出勤,番禺区,本站,广州市番禺区银座酒店B座,陈锦志（主）,020-84822669,2
81,,广州,广州十区,番禺沙湾站,一级,2,0,0,2,0,0,"1.年龄：18-35岁
2.性别：分拣、水产男女不限，白班理货要求男性
3.是否需要经验：需要接受轮班，之前要有稳定的工作经历，要进冷库，不戴眼镜，手脚麻利，有过经验优先，水产员要接受杀鱼，有宰杀经验优先。
4:学历：不限
5.面试时间：上午10点-12 下午2-4点， 4点后安排隔天试岗，节假日周末可面试
6;其他：无",分拣兼职不要戴眼镜，只要长期兼职，工作日兼职时间：8:00-12:00/16:30-20:30，周末节假日全天,番禺区,本站,广州市番禺区沙湾街西环路1793号（厂房）101室,陈锦志（兼）,020-84885952,2
82,P0,广州,广州十区,市桥东站,二级,5,3,0,2,0,0,"1.年龄：分拣女生20-30岁，理货，水产要有经验
2.性别：理货，水产要有经验；白班最早上班时间6:00，
3.需要经验;需要进冷库，不戴眼镜，手脚麻利，有过经验优先，上午9点至下午3点前都可面试
5.上班时间和试岗，试岗2-4小时，当天人数4人以下当天安排，
6;其他：",下午3点前都可面试。分拣兼职不要戴眼镜，只要长期兼职，女生优先，工作日兼职时间：8:00-12:00/16:30-20:30，周末节假日全天,番禺区,本站,广州市番禺区市桥平康路144号102号铺,刘紫光,020-39213660,2
83,,广州,广州十区,市南路站,二级,3,2,0,0,1,0,"1.年龄：女生20-35，有家庭优先
2.性别：分拣女生
3.需要经验;需要进冷库，不戴眼镜，手脚麻利，有过经验优先，下午14-16面试
5.上班时间和试岗，试岗2-4小时，当天人数4人以下当天安排，
6;其他：
2.性别：分拣女生
3.需要经验;需要进冷库，不戴眼镜，手脚麻利，有过经验优先，下午14-16面试
5.上班时间和试岗，试岗2-小时",分拣兼职不要戴眼镜，只要长期兼职，工作日兼职时间：8:00-12:00/16:30-20:30，周末节假日全天,番禺区,本站,广州市番禺区桥南街陈涌村陈涌金业三巷9号101铺、11号101铺,檀乃发,020-84880236,3
84,,广州,广州十区,南沙金洲站,二级,3,1,0,2,0,0,"1.年龄：20-35岁
2.性别：男女不限
3.需要经验;需要进冷库，不戴眼镜，手脚麻利，有过经验优先，下午13-15.30面试
5.上班时间和试岗，试岗2-4小时，当天人数4人以下当天安排，
6;其他：",要求不带眼镜，工作日16-20点或20-2点，周末节假日全天，水产兼职周末出勤,南沙区,本站,广州市南沙区金岭北路创汇谷直街3号102房,卢青青,020-31361254,3
85,P0,广州,广州十区,南沙阳光城站,二级,15,8,0,1,4,2,"1.年龄：18-45岁
2.性别：男女不限
3.需要经验：能接受上班时间就行
5.上班时间和试岗：早上9点-16点前当天均可安排试岗
6;其他：","长期兼职分拣，年龄20-35岁，面试时间每天10-14点，出勤时间：7-13/16-20/20-*00,周末节假日可全天，能上到凌晨2点的分拣员优先考虑；周末节假日全天水产兼职，暑假工不要推",南沙区,本站,广州市南沙区南沙街欣然一街4号101、102、103房,廖斌,020-31074014,3
86,,广州,广州十区,番禺市莲站,二级,1,0,0,0,1,0,"1.年龄：24-32岁
2.性别：男女不限
3.需要经验：水产岗位有经验优先，会杀鱼
5.上班时间和试岗：早上9点-16点前当天均可安排试岗，周末不面试
6;其他：能接受跨站支援",兼职需要早上六七点上班，每天1-2小时，专职做6S，其他不需要,番禺区,本站,广州市番禺区石碁镇市莲路大龙段41号B栋101,吴雄滨,020-31102615,2
87,,广州,广州十区,番禺城区大道站,二级,0,0,0,0,0,0,,20-35男女不限要求不戴眼镜，工作日16-21/20-*02点/20-00周末节假日可上全天，要求长期兼职,番禺区,本站,广州市番禺区大龙街城区大道97号之九109-113,陈世财,020-84883505,2
88,P0,广州,广州十区,亚运城站,二级,12,6,2,2,2,0,"1.年龄：20-35岁
2.性别：分拣女生优先，男生做事细致，态度积极可以约；
3.需要经验：分拣、理货、水产不需要有相关经验;
5.上班时间和试岗:上午10点-12点，下午13点-14点，2点后不安排试岗
6.其他：周末下午13点-15点可以面试但不安排试岗","兼职班次8:00-12:00,16:00-20:00,20:00-23:00,22:00-次日2:00",番禺区,本站,广州市番禺区石楼南环路2号,李展达,020-84888616,4
89,,广州,广州十一区,燕岗站,二级,0,0,0,0,0,0,,分拣兼职：作业时不能带有框眼镜，班次16-20点2位，19-*01点2位，周末节假日可以出勤,海珠区,本站,广州市海珠区南箕东街71号139-142铺,范岳鹏,020-34003126,4
90,,广州,广州十一区,海珠体育馆站,二级,0,0,0,0,0,0,"1.年龄：年龄18-35
2.性别：男女不限
3.是否需要经验：
4.学历：无
5.面试时间和试岗：面试时间13-15，上午不面试
6.其他 ",分拣兼职16-23，20-02，周六日可上全班,海珠区,本站,广州市海珠区燕子岗路燕岗街1号之三102室,罗科特,020-31956859,4
91,,广州,广州十一区,沥滘站,二级,3,1,0,1,1,0,"1.年龄：年龄18-35，男分拣23岁以上，有同行业经验可以放宽到40岁以内
2.性别：男女不限
3.是否需要经验：不戴眼镜，能接受轮班
4.学历：无
5.面试时间和试岗：门店面试下午1-4点，3点前都可以安排试工
6.其他 ",1、16-20点或20-24点能出勤 2、分拣兼职男女不限 3、周末能出勤，,海珠区,本站,广州市海珠区盛昌街15号-17号101房,何彩电,020-89617596,4
92,,广州,广州十一区,南洲站,二级,0,0,0,0,0,0,,"分拣需求主要是下午和晚上，男女皆可
6s专员需要上午7点或者8点可出勤都",海珠区,本站,广州市海珠区南洲路宝丰街2-8号首层自编 A18-A35、自编31-42及自编45-62,廖佳锐,020-80925605,2
93,兼职P0,广州,广州十一区,花地湾站,二级,3,3,0,0,0,0,"1.年龄：18-35岁
2.性别：男女不限
3.是否需要经验：男分拣有经验优先，水产要有经验的，其他岗位无经验要求
4:学历：
5.上班时间和试岗：面试时间12-3点可以当天试岗，3点后不面试
6;其他：150CM以上，分拣不戴眼镜，其他岗位可以。能接受偶尔凌晨2点班次。",全天，半天，学生兼职已满，勿扰。年龄28岁以下，男女不限，欢迎积极推人，非常感谢,荔湾区,本站,广州市荔湾区百花路40号之八、九至十五101房,杨育健,020-87609313,3
94,,广州,广州十一区,鹤洞站,二级,8,6,1,1,0,0,"1.年龄：18-40岁
2.性别：男女不限
3.是否需要经验：经验不限
4:学历：
5.上班时间和试岗：面试时间9点-下午2点。试岗当天次日都可以
6;其他：不能戴眼镜，水产可以戴眼镜。接受凌晨2点的班次。","短班兼职，工作日16-20出勤，周六日8-12,16-20出勤，不接受戴眼镜，麻烦用工提前筛选掉",荔湾区,本站,中国广东省广州市荔湾区坑口大街125号坑口工业区1栋一层,陆帅,020-81536402,3
95,,广州,广州十一区,西塱站,二级,2,0,0,0,2,0,"1.年龄：18-35岁
2.性别：分拣男女不限
3.是否需要经验：水产岗位，有经验优先，其他门店做过优先，接受无经验
4:学历：
5.上班时间和试岗：工作日面试时间上午9点-下午3点。周末面试时间上午9-下午1点。工作日当天3点前可试岗
6;其他：通勤近，接受冻库，接受凌晨2点的班次，分拣不戴眼镜，其他岗位可以。",全天，半天，或者每天下午16:00--24：00都可。年龄35岁以下，男女不限，不戴眼镜，站点排班稳定，员工易留存，欢迎积极推人，非常感谢,荔湾区,本站,广州市荔湾区紫荆道65号广州芳村景致国际酒店用品城自编D区130号,周鑫宇,020-85518695,3
96,,广州,广州十一区,龙溪中路站,二级,0,,,0,0,0,"1.年龄：18-35岁
2.性别：男女不限
3.是否需要经验：经验不限
4:学历：
5.上班时间和试岗：下午3点前可面试试岗
6;其他：别太胖， 能接受晚上12点的班次，最好有家庭，有小孩的，",需求工作日15-22点能出勤长期兼职,荔湾区,本站,广州市荔湾区龙溪中路136号-12,李双双（主）,020-81008085,2
97,,广州,广州十一区,南海盐步站,8.30开业,0,0,0,0,0,0,本站面试,0,南海区,本站点,佛山市南海区大沥镇盐步“河东围”环镇路华圣工业区5号（之一自编B区）,李双双,13710053057,2
98,P0,广州,广州十二区,双岗站,二级,7,5,1,1,0,0,"1.年龄：18-40岁
2.性别：男女不限
3.是否需要经验：经验不限
4:学历：
5.上班时间和试岗：面试时间1-3点半，当天可试岗
6;其他：150CM以上，不戴眼镜，接受凌晨2点的班次。",兼职分拣主要时间16-2点 周六日全天，不佩戴眼镜。兼职水产男女不限。能接受鱼池工作。时间长期16-19点，周末4-8小时,黄埔区,本站,广东省广州市黄埔区港前路715号105、106、107、108室,唐俊芬,020-89858104,3
99,兼职P0,广州,广州十二区,天河东圃站,二级,6,5,0,0,1,0,"1.年龄：18—30岁
2.性别：男女不限
3.是否需要经验：经验不限
4:学历：
5.上班时间和试岗：面试时间下午2点—4点，当天可试岗
6;其他：体重别太胖，分拣不戴眼镜，其它岗位可以戴。接受冷藏作业，适应门店温差。",要求做普工经验，工作麻溜 ， 兼职时间16-20，22-凌晨2点，住址在站点附近3KM以内，优先女孩子，不要戴眼镜（不要暑假工）,天河区,本站,广州市天河区前进街莲溪路34号127-129、146-152号,郭鸿辉（主）,020-87605162,2
100,P0,广州,广州十二区,黄埔茅岗站,二级,17,5,5,5,2,0,"1.年龄：18-40岁
2.性别：男女不限
3.是否需要经验：经验不限，有经验优先
4:学历：
5.上班时间和试岗：面试时间下午1-3点半，当天可试岗
6.其他：150CM以上，不戴眼镜，接受凌晨2点的班次。",1、分拣兼职，长期稳定，不要暑期工，周末必须能出勤。不戴眼镜，年龄30以下，有经验最好，2、面试时间13:00-14:00 ，14:00后不面试,黄埔区,本站,广州市黄埔区茅岗路顶岗大街6号中交物流茅岗仓库自编1栋101,郭鸿辉（兼）,020-87603769,3
101,兼职P0,广州,广州十二区,新塘大道西站,二级,0,0,0,0,0,0,"1.年龄：25-35岁
2.性别：分拣接受男生
3.是否需要经验：有经验优先
4:学历：
5.上班时间和试岗：面试时间下午2-4点，当天可以试岗
6;其他：别太胖，能接受冻库作业。不戴眼镜。",只招19-凌晨1点  4小时内之间的班次，不怕冷，不戴眼镜，能接受支援附近门店；水产兼职周六日出勤；周六日不面试工作日12:30-15:30点可面试,增城区,本站,广州市增城区新塘镇水南村南西社西方西街5号首层5-1、5-2、5-3、5-4,杨春丽,020-82783363,3
102,,广州,广州十二区,天河黄村站,二级,1,,,0,1,0,"1.年龄：18—35岁
2.性别：不限
3.是否需要经验：不限
4:学历：不限
5.面试时间：下午1点—3点，当天可试岗，周末不面试
6;其他：分拣不戴眼镜。接受低温作业。",面试时间：下午1点—3点。兼职时间：周一至周五（15-20） 周六日（8-13，15-20，21-2）。只要长期兼职，周末不面试,天河区,本站,广州市天河区黄村街道黄村环村西路14号,陈桂鸿,020-32030147,2
103,P0,广州,广州十三区,海珠万胜围站,二级,1,1,0,0,0,0,"1.年龄：分拣18-35周岁，理货18-35周岁，水产40岁以内
2.性别：分拣男女不限，理货和水产男生
3.是否需要经验;分拣不戴眼镜，手脚麻利，水产做过厨房做过后厨，理货能接受低温工作。
4:学历：
5.面试时间和试岗：上午10-11点，下午1-4点可面试，3点前面试可以安排当天试工，
6;其他：",分拣兼职男女不限（水产兼职可以男生），不戴眼镜，35岁以下，只要可出勤到0点的的分拣兼职，不要暑假工,海珠区,本站,广州市海珠区新港东路琶洲（迎鑫玻璃隔壁）,张哲豪,020-31954857,4
104,,广州,广州十三区,官洲北站,二级,0,0,0,0,0,0,"1.年龄：分拣18-35周岁，理货18-35周岁，水产40岁以内
2.性别：分拣男女不限，理货和水产男生
3.是否需要经验;全职要出勤时间断需到2点，水产员有水台工作经验优先
4:学历：无
5.面试时间和试岗：下午1-4点可面试，3点前面试可以安排当天试工，周末不面试
6;其他",不要暑假工，分拣不要戴眼镜，细心跑得快，女性优先，年龄18-30     6S专员女性53岁以下,海珠区,本站,广州市海珠区仑头路72号之6栋201,李岸锦,020-34003121,3
105,,广州,广州十三区,海珠磨碟沙站,二级,0,0,0,0,0,0,"1.年龄：分拣18-35周岁，理货和水产18-35周岁，
2.性别：分拣只要女生
3.是否需要经验;分拣要能接受上16-02点，分拣不戴眼镜，手脚麻利，水产做过厨房做过后厨，理货能接受低温工作
4:学历：无
5.面试时间和试岗：下午1-4点可面试，
6.其他",1、16-20点或20-24点能出勤 2、分拣兼职只要女性 3、周末能出勤  ,海珠区,本站,广州市海珠区江海街红卫新村水产路岗园街（白沙院）02号、03号,彭俊超,020-31952502,4
106,P0,广州,广州十三区,赤岗站,二级,7,5,0,2,0,0,"1.年龄：年龄18-35，夜班理货要20周岁以上
2.性别：男女不限
3.是否需要经验; 果切员要求：男，要上到12点，有奶茶店，水果店等经验，晚班需要20周岁以上的，有快递、生鲜经验更好，
4.学历：无
5.面试时间和试岗：面试时间上午10-11点和下午1-4点面试
6.其他",不要戴眼镜，长期稳定上20点 -*2点，不要纯白天兼职。,海珠区,本站,广州市海珠区赤岗街道赤岗路60号赤岗新街市,吴坚霖（兼）,020-89627459,3
107,,广州,广州十三区,海珠中大站,二级,3,1,0,2,0,0,"1.年龄：年龄18-35，
2.性别：分拣要女生、理货男生优先
3.是否需要经验：①分拣有分拣经验优先，能接受上到凌晨0点的优先，不戴眼镜，接受冻库、冷藏作业环境。②理货吃苦耐劳，接受冷库作业。
4.学历：无
5.面试时间和试岗：面试时间下午2-3.5点
6.其他","兼职分拣：需求时间段8-13、16-凌晨2点,以上时间段内均可。只招长期兼职，不带眼镜。",海珠区,本站,广州市海珠区新港西路152号一层01室,吴坚霖（主）,020-31959143,3
108,,广州,佛山一区,莱翔路站,一级,0,0,0,0,0,0,"1.年龄：18-35岁所有岗位
2.性别：分拣男女不限，理货、水产男生
3.是否需要经验：分拣可接受无经验，理货有经验大专学历，水产做过有养殖经验，会杀鱼
4:学历：理货大专，分拣水产无学历要求
5.面试时间和试岗：试岗2-4小时，当天人数4人以下当天安排，4以上第二天，周六日面试，面试时间中午12-3点半前
6;其他：年轻人好一些，除了水产，分拣理货要求不戴眼镜",理货兼职要求不戴眼镜，能接受冻库工作环境，工作积极主动，18-32岁内；水产兼职要求周内下午和周末能稳定出勤，学习能力强，18-35岁；面试时间12：00-14:30,禅城区,本站,佛山市禅城区石湾镇莱翔路10号华艺装饰材料城东区7座首层43-46号铺,王义兵,0757-85619902,2
109,,广州,佛山一区,佑一城站,一级,0,0,0,0,0,0,"1.年龄：18-30所有岗位
2.性别：分拣男女不限，理货、水产男生
3.是否需要经验;分拣无经验要求，理货无经验，水产有经验更好无经验也可以
4:学历：无要求
5.面试时间和试岗，试岗第二天安排，1-3点面试周六日面试
6;其他：候选人面试到了不要总打站长电话直接进去就好，试岗过程有问题随时找负责人，除了水产，分拣理货要求不戴眼镜",年龄34以下，不带眼镜；6S专员每天出勤3.5小时,南海区,本站,佛山市南海区桂城街道佑一城时尚广场8号,刘文荣,0757-81068446,2
110,,广州,佛山一区,祖庙站,一级,3,3,0,0,0,0,"1.年龄：23-30工作稳定性好一些，18-30也可以
2.性别：分拣男女不限，理货水产男生
3.是否需要经验：分拣理货无经验要求，水产要求有经验不能对海水过敏
4:学历：无要求
5.面试时间和试岗，试岗安排第二天2-4小时，1-3点面试，周六日不面试
6;其他：除了水产，分拣理货要求不戴眼镜",不要学生工！！不要学生工！！学生工一律不通过！！不戴眼镜，上班时间16-19点或者20-24点、22-次日02点订单高峰期出勤，13-15点面试，高峰期不面试！！！周六日不面试！！！辛苦跟候选人传达清楚,禅城区,本站,佛山市禅城区莲花路109号首层,蔡权彬,0757-82131467,1
111,,广州,佛山一区,季华站,一级,1,0,0,0,1,0,"1.年龄：18-35，能接受班次的放宽到40
2.性别：分拣男女不限，理货水产男生
3.是否需要经验：分拣无需经验能接受冷库冷热交替工作环境，接受上到12点排班，理货无经验要求，水产不怕苦不怕累不怕臭就可以
4:学历：无要求
5.面试时间和试岗，试岗2-4小时看候选人情况，或者第二天试岗，周六日不面试
6;其他：除了水产，分拣理货要求不戴眼镜",不要学生工！！不要学生工！！学生工一律不通过！！不戴眼镜，上班时间16-19点或者20-24点、22-次日02点订单高峰期出勤，13-15点面试，高峰期不面试！！！辛苦跟候选人传达清楚,禅城区,本站,佛山市禅城区季华五路永新南村南丫岛综合市场,梁学燊（兼）,0757-82302354,2
112,兼职P0,广州,佛山一区,南桂站,一级,0,0,0,0,0,0,"1.年龄：20-32所有岗位
2.性别：分拣男女不限，理货、水产男生
3.是否需要经验：分拣可接受无经验（不戴眼镜），理货有经验大专学历（不戴眼镜），水产做过有养殖经验或水台经验，会杀鱼
4:学历：理货大专，分拣水产无学历要求
5.面试时间和试岗时间周六日是否面试：12-15点面试，超时不面，穿拖鞋短裤不面，周六日正常接待，试工3-4小时，看现场具体情况，正常3小时
6;其他：不要打站长手机号码，面试直接进去！！！",9-12，15.5-18.5，20-23，任意时间段轮班，不招暑假工，年纪32以内,南海区,本站,广东省佛山市南海区桂城东平路辅路东怡商业中心A2-A5微行鲜果批发行背对背,许天宝,0757-86228339,2
113,,广州,佛山一区,禅城文华站,一级,3,0,0,0,3,0,"1.年龄：18-35，能接受班次的放宽到40
2.性别：分拣男女不限，理货水产男生
3.是否需要经验：分拣无需经验能接受冷库冷热交替工作环境，接受上到12点排班，理货无经验要求，水产不怕苦不怕累不怕臭就可以
4:学历：无要求
5.面试时间和试岗，9-14面试，试岗2-4小时看候选人情况，或者第二天试岗，周六日不面试
6;其他：除了水产，分拣理货要求不戴眼镜",要求上到凌晨2点，不带眼镜,禅城区,本站,佛山市禅城区湾华参军围工业区编号C201、C202、C203,梁学燊（主）,0757-23221834,2
114,,广州,佛山一区,桂城金融高新区站,一级,6,4,0,0,2,0,"1.年龄：23-35，水产有经验2-3年可以放宽到38
2.性别：分拣男女不限，要熟手，水产男生
3.是否需要经验：分拣理货做过有经验的，水产要有厨房宰杀经验的
4:学历：无经验要求
5.面试时间和试岗，试岗2-4小时人多会当天看候选人情况，2-4点面试，周末1点半-3点半面试
6;其他：身高155/体重180斤以下，除了水产，分拣理货要求不戴眼镜",不要暑假工，不要戴眼镜，面试时间：14：00-15：00，班次要求每天下午16:00-次日02：00。年龄35岁以下，女生优先，辛苦加急招聘，水产要求有经验,南海区,本站,佛山市南海区华翠北路63号灯湖天地4号楼首层103号商铺（伽曼格灯湖天地店旁）,王金华,0757-29899216,2
115,,广州,佛山一区,禅城朝安站,一级,0,0,0,0,0,0,"1.年龄：21-35分拣理货，水产可以到40有经验的，没经验25以内
2.性别：分拣男女不限，理货水产男生
3.是否需要经验：分拣女生无经验要求男生（要有分拣经验），理货无经验要求，水产要有宰杀经验偏向年纪大的
4:学历：无要求
5.面试时间和试岗，试岗2-4小时会问候选人当天能不能试岗，不能就第二天，2-4点面试，周六日也面试，最好工作日好一些
6;其他：除了水产，分拣理货要求不戴眼镜",分拣兼职要求可固定出勤20：00-凌晨2：00,禅城区,本站,佛山市禅城区朝安南路30号首层P30-P39号自编01铺,刘云祁,0757-29899841,2
116,,广州,佛山二区,容桂文滘站,一级,4,,0,2,2,0,"1.年龄：23-30工作稳定性好一些，18-30也可以
2.性别：分拣男女不限，理货水产男生
3.是否需要经验：分拣理货无经验要求，水产要求有经验不能对海水过敏
4:学历：
5.面试时间和试岗，试岗安排第二天2-4小时，12-14点面试，周六日不面试
6;其他：所有岗位要求不戴眼镜",不戴眼镜，不要暑假工！！！上班时间16-19点或者20-24点订单高峰期出勤,顺德区,本站,佛山顺德容桂无限生活广场,谢太峰,0757-22635393,1
117,,广州,佛山二区,大良鸿图站,10.15开业,34,10,8,8,8,0,本站面试，面试时间周一至周日下午14-16，年龄18-35，不戴眼镜，能接受冻库工作，能接受灵活排班,0,顺德区,本站点,佛山市顺德区大良街道办事处金榜社区居民委员会鉴海北路316号之1号铺,尚教鑫,18547065247,3
118,,广州,佛山二区,乐从三乐站,10.10开业,30,10,,10,10,0,本站面试,0,顺德区,本站点,佛山市顺德区乐从镇路州开发区南区一路2号,许庆民,15563713905,3
119,P0,中山,中山一区,坦洲振兴站,二级,7,2,1,2,2,0,"1.年龄：分拣20-35岁，不戴眼镜，适应冷藏工作，接受早6点晚23:30，有超市、水果店工作优先。理货，年龄22-35岁，水产同上。
2.性别：分拣无限制，理货和水产要求男生。
3.是否需要经验 需要进冷库，不戴眼镜，手脚麻利，有夜班通宵工作经验，做过生鲜上架更佳。
4:学历：无限制
5.面试时间  两点到五点面试，长衣长袖可以安排当天试岗。
6.其他：周末可以面试。",分拣兼职，    水产员男生，24-35，有水产工作经验更佳，主要周末能出勤。,坦洲镇,本站点,广东省中山市坦洲镇振兴南路37号一层,张艳军,0760-88887392,2
120,,中山,中山一区,石岐博爱站,9.11开业,20,10,5,0,5,0,"1.年龄：分拣18-35岁，理货，水产同上。
2.性别：分拣只要女生，理货最好是男生，有仓储经验优先，水产有餐饮经验，男生。
3.是否需要经验;需要进冷库，不戴眼镜，手脚麻利，有过经验优先，每天13-16点面试，水产员最好是做过厨房做过后厨，当天可以试岗 尽量长衣长袖可以安排;
4:学历：无限制
5.面试时间  9点以后，晚上六点之前，中午12点到2点不面试 。试岗，试岗2-4小时，
6.其他：太胖不行，周末可以面试。
",0,石岐区,本站点,广东省中山市石岐区博爱三路9号2幢首层101-110，116-126 室,站长：胡志华/面试：陈浩,15318043778,2
121,,中山,中山一区,西区富华站,10.5开业,0,0,0,0,0,0,"1.年龄：分拣18-35岁，不招理货，水产不做要求。
2.性别：分拣只要女生，，水产，男女都可。
3.是否需要经验;需要进冷库，不戴眼镜，手脚麻利，有过经验优先，每天13-16点面试，水产员最好是做过厨房做过后厨，当天可以试岗 尽量长衣长袖可以安排;
4:学历：无限制
5.面试时间  9点，1点，2点，整点集中面试。可以当天试岗。
6.其他：周末可以面试。",0,西区,石岐博爱站,广东省中山市西区西苑社区富华道41号（自编：金嘉创新港1层117卡）,胡志华,15818866313,1
122,,中山,中山一区,东区弘业站,筹建站,53,25,8,10,10,0,"1.年龄：分拣18-35岁，理货，水产同上。
2.性别：分拣只要女生，理货最好是男生，有仓储经验优先，水产有餐饮经验，男生。
3.是否需要经验;需要进冷库，不戴眼镜，手脚麻利，有过经验优先，每天13-16点面试，水产员最好是做过厨房做过后厨
4:学历：无限制
5.面试时间  9点以后，晚上六点之前，中午12点到2点不面试 。试岗，试岗2小时，
6.其他：夜班理货和水产员可以多推，加站长VX备注名字站点
",0,东区,石岐博爱站,中山市东区长江路6号弘业大厦一层,李林森,18787627171,3
123,,珠海,珠海一区,香洲明珠站,二级,7,4,0,3,0,0,"(明珠站面试，上班）1.年龄：分拣18-35岁，招夜班理货，有经验优先。不招水产。
2.性别：分拣男女不限。
3.是否需要经验 有过经验优先。
4:学历：无限制
5.面试时间  每天12点到5点。试岗看站点情况。
6.其他：周末可以面试。通勤30分钟内，能接受上晚班。",0,香洲区,本站点,香洲区梅华西路2372号22栋一层B3-B10,何志华,0756-8636932,1
124,,珠海,珠海一区,香洲鞍莲站,8.31开业,3,0,0,0,3,0,"(鞍莲站面试)1.年龄：分拣18-35岁，水产和理货一样。
2.性别：分拣男女不限。水产员，男。
3.是否需要经验 有过经验优先。水产优先会杀鱼，有相关工作经验的优先，懂得暂养水产品优先，理货有仓储经验优先，夜班需接受长期夜班出勤
4:学历：无限制
5.面试时间  每天12点到5点。试岗看站点情况。
6.其他：不戴眼镜，不要学生，有相关工作经验优先，通勤30分钟内。周末可以面试,PS：招聘推面对接微信19814520830",0,香洲区,本站点,【珠海】市【香洲】区前山鞍莲路【82】号厂房第【一】层【I102】室,刘泽春,15912329927,1
125,,珠海,珠海一区,香洲国信站,9.25开业,17,5,0,2,10,0,"明珠站面试（面试地点：梅华西路2372号云凯大厦，明珠和鞍莲培训)
男女不限，18-35岁有经验，不戴眼镜，不要学生，有相关工作经验优先，通勤30分钟内（工作站点位置：柠溪路338号国信大厦），能接受6点早班和24点晚班，水产员，男，优先会杀鱼，有相关工作经验的优先，懂得暂养水产品优先，理货有仓储经验优先，夜班需接受长期夜班出勤,PS：招聘推面对接微信19814520830",1,香洲区,香洲明珠站,珠海市香洲区柠溪路338号3单元101栋珠海国信广场C座一楼A区,周军,15972075595,3
126,,珠海,珠海一区,香洲屏东站,,30,5,5,10,10,,面试需求：所有岗位通勤不超半小时，35岁以下。分拣要女生，理货要男生，水产理货要有相类似的经验。,香洲区,香洲区,香洲鞍莲站,香洲区南湾北路30号第四栋首层,何志华,0756-8636932,